{
  "project_info": {
    "project_number": "474988934853",
    "firebase_url": "https://pantherhack2022-default-rtdb.firebaseio.com",
    "project_id": "pantherhack2022",
    "storage_bucket": "pantherhack2022.appspot.com"
  },
  "client": [
    {
      "client_info": {
        "mobilesdk_app_id": "1:474988934853:android:02e38092e25d2173ace2ac",
        "android_client_info": {
          "package_name": "com.example.loanforum"
        }
      },
      "oauth_client": [
        {
          "client_id": "474988934853-ruj54eh48odmgko0gcfbrfn0ppeb25fi.apps.googleusercontent.com",
          "client_type": 3
        }
      ],
      "api_key": [
        {
          "current_key": "AIzaSyD7zPUxRsuwtdojHW9AJKeOOSrIIMm3RSw"
        }
      ],
      "services": {
        "appinvite_service": {
          "other_platform_oauth_client": [
            {
              "client_id": "474988934853-ruj54eh48odmgko0gcfbrfn0ppeb25fi.apps.googleusercontent.com",
              "client_type": 3
            }
          ]
        }
      }
    }
  ],
  "configuration_version": "1"
}